dataset,analysis,metric,num_glosses,mean,std,median,min,max
VSL,Signer Variation,mean_distance,3314,0.6679216380967411,1.8738238069832842,0.0,0.0,32.17116834302465
VSL,Motion Complexity,motion_complexity_score,3314,0.08957301241891974,0.05217871302572682,0.07641279,0.0,0.8061404
VSL,Sequence Length Variation,sequence_length_variance,3314,57.12004836384363,375.01723958718566,0.0,0.0,7200.0
ASL,Signer Variation,mean_distance,2000,5.038717431468462,2.1035390824932954,5.269662133473564,0.4173668663636421,16.58836228608153
ASL,Motion Complexity,motion_complexity_score,2000,0.19847255935764999,0.09931652487960176,0.19087448499999998,0.0030209043,0.76543975
ASL,Sequence Length Variation,sequence_length_variance,2000,95.63932626560069,161.15924389138297,50.22927689594356,0.0,2666.4
