dataset,num_glosses,mean_signer_variation,std_signer_variation,mean_motion_complexity,std_motion_complexity,mean_sequence_length_variance,std_sequence_length_variance
ASL,2000,5.038717431468462,2.1035390824932954,0.19847255935764999,0.09931652487960176,95.63932626560069,161.15924389138297
VSL,3314,0.6679216380967411,1.8738238069832842,0.08957301241891974,0.05217871302572682,57.12004836384363,375.01723958718566
