dataset,max_samples,min_samples,mean_samples,median_samples,std_samples,imbalance_ratio,coefficient_of_variation,gini_coefficient,top_10pct_class_share,bottom_10pct_class_share
VSL,6,1,1.3158371040723982,1.0,0.7229988827381515,6.0,0.5494592609529968,0.2025684594015365,0.23016964695093994,0.0761118752865658
WLASL,16,2,5.99,6.0,1.945454290441721,8.0,0.32478368788676476,0.17253096828046743,0.16894824707846412,0.05809682804674458
