resolution,count,proportion
288x192,2668,0.22270450751252086
720x400,1875,0.15651085141903173
640x480,1824,0.15225375626043405
1920x1080,1768,0.14757929883138565
320x240,1584,0.132220367278798
656x370,1045,0.08722871452420701
1280x720,721,0.06018363939899833
736x414,195,0.0162771285475793
320x180,161,0.01343906510851419
854x480,93,0.007762938230383974
