codec,count,proportion
h264,11819,0.9865609348914858
FMP4,161,0.01343906510851419
